{
  "tests/test_model_routing.py": 1775747131.9566019,
  "tests/test_repo_paths.py": 1775338426.4013927,
  "tests/test_report_dedupe.py": 1775331972.0970519,
  "tests/test_task_guardrails.py": 1775747131.9578176,
  "tests/test_crew_prompt_contracts.py": 1775747131.9555383,
  "tests/test_quality_gates.py": 1775747131.9568393,
  "tests/test_runtime_prefs.py": 1775747131.9576259,
  "tests/test_flow_crew_inputs.py": 1775747131.956002,
  "tests/test_repo_file_write_tool.py": 1775338427.513151,
  "tests/test_workspace_contracts.py": 1775747131.9579525,
  "tests/test_routing.py": 1775747131.957484,
  "tests/test_report_assembly.py": 1775337830.9838133,
  "tests/test_din_core_audio_tasks.py": 1775747131.9558468,
  "tests/test_crew_tool_budgets.py": 1775747131.9556954,
  "tests/test_crew_context.py": 1775747131.9552991,
  "tests/test_flow_report.py": 1775747131.9563718,
  "tests/test_flow_rate_limit.py": 1775747131.956161,
  "tests/test_repo_file_read_tool.py": 1775747131.9570653,
  "tests/test_repo_profiles.py": 1775747131.9572954,
  "docs/generated/search.js": 1775702390.4974763,
  "src/din_agents/__init__.py": 1775314999.3463666,
  "src/din_agents/flow.py": 1775747131.9526665,
  "src/din_agents/din_core_audio_tasks.py": 1775747131.952347,
  "src/din_agents/main.py": 1775702294.2750814,
  "src/din_agents/crews/__init__.py": 1775315198.5411606,
  "src/din_agents/crews/din_studio/din_studio_crew.py": 1775747131.9516685,
  "src/din_agents/crews/din_studio/__init__.py": 1775315126.5948792,
  "src/din_agents/crews/din_core/din_core_crew.py": 1775747131.9512367,
  "src/din_agents/crews/din_core/__init__.py": 1775315074.2963185,
  "src/din_agents/crews/react_din/react_din_crew.py": 1775747131.9520807,
  "src/din_agents/crews/react_din/__init__.py": 1775315104.825465,
  "src/din_agents/tools/change_brief_tool.py": 1775702349.343859,
  "src/din_agents/tools/repo_contract_tool.py": 1775747131.9547877,
  "src/din_agents/tools/__init__.py": 1775339066.038566,
  "src/din_agents/tools/quality_gate_tool.py": 1775702349.4144828,
  "src/din_agents/tools/repo_file_read_tool.py": 1775747131.955083,
  "src/din_agents/tools/repo_file_write_tool.py": 1775338391.270436,
  "src/din_agents/shared/cli_prefs.py": 1775747131.9529033,
  "src/din_agents/shared/crew_context.py": 1775747131.953071,
  "src/din_agents/shared/runtime_prefs.py": 1775747131.9542468,
  "src/din_agents/shared/model_routing.py": 1775747131.9535227,
  "src/din_agents/shared/__init__.py": 1775321387.4907568,
  "src/din_agents/shared/rules.py": 1775747131.9540608,
  "src/din_agents/shared/crew_tools.py": 1775747131.9533076,
  "src/din_agents/shared/task_guardrails.py": 1775747131.9545195,
  "src/din_agents/shared/repo_profiles.py": 1775747131.9538264,
  "src/din_agents/shared/repo_paths.py": 1775338384.6951313,
  "README.md": 1775747131.9483123,
  "AGENTS.md": 1775747131.9480605,
  "AGENTS.deep.md": 1775747131.9478538,
  "output/step1.md": 1775741856.5478714,
  "output/step2.md": 1775737239.140727,
  "output/control-plane-report.md": 1775338676.5006354,
  "docs/FlowArchitecture.md": 1775702442.334068,
  "project/SUMMARY.md": 1775747131.9493585,
  "project/skills/skills-router/SKILL.md": 1775747131.950509,
  "project/skills/ask-docs/SKILL.md": 1775747131.9496317,
  "project/skills/getting-started/SKILL.md": 1775747131.950317,
  "project/skills/design-task/SKILL.md": 1775747131.9500782,
  "project/skills/design-agent/SKILL.md": 1775747131.949835,
  "din-agent/README.md": 1775747131.9485383,
  "din-agent/examples/din-studio.md": 1775322367.7322943,
  "din-agent/examples/din-core.md": 1775322365.8562236,
  "din-agent/examples/react-din.md": 1775322366.7690248,
  "din-agent/examples/cross-repo.md": 1775322369.1573074
}